Mã sách,Tên sách,Giá bìa,Giá chiết khấu
239765,Chậm lại nào! Ngắm nhìn những khoảnh khắc thiên nhiên kì diệu,110.000,95.000
239737,Bộ sách Bạn Cá Sấu Thân Thiện,140.000,120.000
239762,Bóng Tối Bao La,150.000,130.000
239754,Dự án đầu voi đuôi chuột,180.000,155.000
239761,Bộ sách Chẳng Có Gì Đáng Sợ,192.000,165.000
239585,Bộ sách Gieo Mầm Yêu Thương,312.000,265.000
239730,Bộ sách song ngữ Anh-Việt: Tớ Mặc Gì Vậy? + Đuôi Ai Thế Này?,84.000,105.000
239648,Bộ 2 cuốn 7 Kĩ Năng Gương Mẫu Siêu Quậy + 7 Kĩ Năng Dọn Phòng Siêu Quậy,85.000,75.000
239724,Combo 4 cuốn Harry - Chú Chuột Hạnh Phúc,168.000,84.000
239684,Ba Gã Cùng Thuyền (chưa kể con chó),88.000,75.000
239646,National Trust: Nature Origami,283.000,228.000
184495,Đủng Đỉnh Trăng Đi,155.000,135.000
239643,Treo Đèn Đón Trăng Lên,155.000,135.000
239653,Lược sử thế giới bằng tranh tập 5: Giao lưu Đông Tây,65.000,55.000
4060,Bộ sách KHỦNG HOẢNG TUỔI ĐẾN TRƯỜNG,225.000,147.000
239667,Bộ sách Lược Sử Thế Giới Bằng Tranh - 17 tập,1.000.000,850.000
239644,Bộ sách Khác Biệt Thật Là Tuyệt,180.000,155.000
130673,Bộ sách Tớ đến với lập trình,220.000,121.000
238744,Combo Siêu sao toán học,260.000,143.000
239633,Bộ sách Vun Đắp Tâm Hồn - Bé Yêu Ơi,76.000,65.000
239626,Tớ biết tự giác,65.000,55.000
239118,Làng Ồn Ào Vui Ơi Là Vui,79.000,70.000
110099,Bộ sách 10 thí nghiệm dễ làm và gây sửng sốt (6 cuốn - Kim Đồng - 600),198.000,165.000
1771,Bộ Sách Sân Chơi Trí Tuệ Của Chim Đa Đa (6 Cuốn),180.000,145.000
239604,Bộ sách Vạn vật thầm thì,165.000,140.000
238772,365 chuyện kể mỗi ngày,200.000,150.000
172639,Bộ sách Không sao đâu con - Phần 2 (12 cuốn),396.000,325.000
130581,Tranh truyện trẻ em - Bạn chim cút chơi trốn tìm (Mogu - 150),43.000,40.000
186347,Tiệm Bánh Mì Lừng Danh (Mogu - 450),150.000,130.000
172640,Bộ sách Không sao đâu con - Bộ 17 cuốn,561.000,460.000
2733,Bộ sách Kinh khủng gì đâu - Bé gì đâu,130.000,110.000
239559,Bộ sách Những Giấc Mơ Xinh,235.000,200.000
239573,Bụi Ở Sài Gòn,169.000,145.000
239565,Bộ truyện Tây Du Hí,429.000,365.000
239488,Bộ sách Nevio - Chú chuột can đảm,295.000,250.000
239084,Bộ sách Người Bà Tài Giỏi Vùng Saga (11 cuốn - Readbook),572.000,485.000
239510,Bộ 3 cuốn: Bởi Tình Yêu Nảy Nở Ra Hy Vọng + Tổ Ấm Khởi Nguồn Từ Nguyện Ước + Cuộc Đời Đẹp Tựa Như Giấc Mơ,315.000,270.000
239501,Bộ sách Thế Giới Động Vật - Bộ 10 cuốn,350.000,300.000
228096,Bộ sách Cổ Oai Ơi,715.000,600.000
239401,Heidi _Tb2023,280.000,240.000
239447,Bộ sách Bạn Làm Nghề Gì Thế?,360.000,310.000
239446,Bộ sách Chiến Thuật Viết Văn Tiểu Học,200.000,200.000
239445,Bộ sách Học Toán Thật Đơn Giản Lớp 1,70.000,70.000
239443,Bộ sách Chơi Mà Học - Trường Mẫu Giáo Của Em,75.000,65.000
239442,Bộ sách Bé Vui Học Toán - 3 đến 6 tuổi,75.000,65.000
239398,Bộ sách Kĩ Năng Ứng Xử Với Bạn Bè,204.000,175.000
239397,Bộ sách Làm Việc Tốt Không Khó,136.000,120.000
239386,Combo 2 cuốn sách Chiếc Sofa Hoàn Hảo + Buổi Cắm Trại Hoàn Hảo,180.000,150.000
239197,Thơ hay viết cho thiếu nhi - Bầu trời trong quả trứng (Kim Đồng),50.000,45.000
239338,Bộ sách Trò Chơi Tư Duy Cho trẻ,245.000,210.000
182993,Bộ sách Phát triển IQ - Rèn luyện tư duy não bộ 2-4 (4 cuốn - Pingbooks - 1000),312.000,156.000
37393,"Câu đố tư duy cho trẻ tập nói, tập đọc",98.000,80.000
1449,Picture book song ngữ - Mình có thể làm bất cứ việc gì!,49.000,40.000
1446,Picture book song ngữ - Ngôi nhà say ngủ,59.000,50.000
37466,Năm phút nữa thôi,59.000,50.000
172596,Chuyến đi dạo của cô gà mái Rosie,49.000,40.000
184253,"""Của tớ, của tớ, của tớ!"" - Nhím nói chẳng chần chờ",99.000,85.000
184252,Bố và con gái,99.000,85.000
37394,Chú thỏ nhung,99.000,80.000
4031,"Mẹ sẽ ôm con nhiều hơn, con sẽ ôm mẹ nhiều hơn",69.000,60.000
78382,Mẹ Yêu Con Nhiều Hơn,69.000,60.000
445,Picture book Nếu bạn cho chuột cái bánh quy,59.000,50.000
172494,Combo sách song ngữ bé yêu - 8 cuốn,352.000,280.000
6382,Bộ sách song ngữ Trời nhiều mây và có thể có thịt viên,138.000,110.000
99454,"Combo ehon tương tác đầu đời: Bé bé bé bồng, bé cười khúc khích, bé vẫy tay chào",87.000,75.000
37801,Bộ sách Trò chơi toán học,297.000,240.000
3507,Bộ sách các bệnh thường gặp - Bộ 5 cuốn,245.000,200.000
239237,"Combo 4 cuốn Ehon Nhật Bản - Gia Đình Tớ: Mẹ Tớ, Ông Tớ, Con Ma Nhà Tớ, Gia Đình Tớ",156.000,135.000
99244,Bộ sách Bút sáp màu đen,117.000,100.000
99363,Ehon Nhật Bản - Bull Chơi Trốn Tìm,29.000,25.000
37725,Mako và chuyến phiêu lưu trong bồn tắm,49.000,40.000
1993,Ehon Chuyện xì hơi - Tất cả đều đi ị,68.000,50.000
239208,Bộ sách Hoàng Tử Bé Dành Cho Lứa Tuổi Nhi Đồng (6 cuốn),120.000,105.000
239199,Combo 13 cuốn Văn học kinh điển (Đông A),1.270.000,890.000
183746,Bộ sách Xôn Xao Đầu Đời - Bộ 4 cuốn,240.000,200.000
239194,"Bộ Sách Vịt Và Chấm: Ích Kỷ Quá Đi, Bất Lịch Sự Quá Đi, Bừa Bộn Quá Đi",168.000,145.000
239185,Cậu Luôn Được Đón Chào,99.000,85.000
239128,Bộ sách Chuyện bí ẩn thường ngày (4 cuốn),405.000,345.000
239024,Kafka và cô búp bê (Crabit - 300),109.000,95.000
1974,Bộ Sách Cơ Thể Con Là Của Con,307.000,260.000
6335,Bộ sách Học vẽ bằng hình cơ bản (4 cuốn - Nhã Nam -1500),396.000,315.000
184354,Lịch sử chế tạo xe hơi (Nhã Nam - 100),65.000,55.000
184355,Lịch sử chế tạo máy bay (Nhã Nam - 100),65.000,55.000
238954,"Bộ 4 cuốn sách: 24 GIỜ Ở NAM CỰC, 24 GIỜ Ở THỜI ĐỒ ĐÁ, 24 GIỜ TRONG VŨ TRỤ, 24 GIỜ TRONG RỪNG NHIỆT ĐỚI",476.000,400.000
239020,"Combo Ehon về tình cảm gia đình: Ngày bố làm bố, Ngày mẹ làm mẹ, Lại bị giận rồi, Bà ơi không sao đâu",220.000,190.000
239057,Combo 32 cuốn Em Muốn Biết Vì Sao,1.446.000,1.230.000
239099,"Bộ thơ 5 cuốn Thụy Anh: Mèo con đếm tuổi, Mẹ hổ dịu dàng, Ngày xưa, ngày nay, Nhim nhim nhim nhim và Vui cùng tiếng Việt (NXB Trẻ)",235.000,200.000
5167,Từ điển cảm xúc cho bé (Kim Đồng),124.000,100.000
238981,Khu Vườn Xinh Đẹp,150.000,130.000
238957,"Bộ sách Bé Học Cách Nói: Lời Xin Lỗi, Lời Cảm Ơn, Lời Hứa, Lời Chào",192.000,165.000
238942,Bộ sách Những bài học nhỏ (4 cuốn - Kim Đồng),140.000,120.000
238863,Hỏa Xa Phiêu Lưu Ký - Khám Phá Bảy Lục Địa Trên Thế Giới,179.000,155.000
238864,Hỏa Xa Phiêu Lưu Ký - Tìm Hiểu Các Loài Động Vật Trên Thế Giới,179.000,155.000
238851,Bộ sách Peppa Pig - Khéo Tay Tô Màu - Bộ 8 cuốn,200.000,170.000
238855,"Combo 3 cuốn Asterix - Cuộc đấu của những thủ lĩnh, Asterix và người Normand và Asterix ở chỗ người Breton",240.000,200.000
6525,Tập thơ Chuyện ngày mưa - Song ngữ (3 cuốn),156.000,115.000
238814,Bộ sách Hành Trang Tâm Lí Cho Bé Vào Lớp 1,192.000,165.000
238769,Bộ sách Chuyện Xóm Gà - Bộ 19 cuốn,1.102.000,880.000
238760,Combo 3 cuốn Chuyện xóm gà - Phần 3,174.000,150.000
238720,Bộ sách Quản Trị Tiền Bạc Từ Nhỏ,228.000,195.000
172071,"Combo 4 cuốn: Theo bài hát của cha, gặp mẹ trong trăng, giống hệt như anh cả, nhà của ai cao hơn",300.000,250.000
238713,Bộ sách Kĩ Năng Vàng Cho Học Sinh Trung Học - Bộ 7 cuốn,306.000,260.000
2721,Bềnh bồng (Crabit - 400),64.000,55.000
671,Câu chuyện đời tôi,88.000,75.000
238671,"Combo Chuyện ly kỳ về Hình khối, Màu sắc, Số đếm",84.000,75.000
238676,Bộ sách Những câu chuyện về lòng tốt,84.000,75.000
238677,Bộ sách Thuở Đầu Đời,150.000,130.000
238672,"Combo 3 cuốn Nụ Hôn Đầu Tiên, Vì Mẹ Yêu Con Nhiều, Con Nuôi Một Em Mèo Được Không?",195.000,165.000
238582,Bộ sách Kích thích trí tưởng tượng cho bé,132.000,115.000
238666,Bộ sách Phương Ngữ Việt Nam,120.000,105.000
238608,Bộ sách Bật Mí Tí Ti - Thế Giới Diệu Kì: San Hô + Rùa Biển,116.000,105.000
185834,Bộ sách Lịch sử Việt Nam bằng tranh - Bản màu - Bộ 16 cuốn,2.345.000,1.990.000
182955,Bộ sách Kĩ năng xã hội cho học sinh tiểu học (6 cuốn),516.000,425.000
238559,Bộ sách Sói Xám,200.000,170.000
238538,Ba Chú Sói Con Và Gã Heo Mập Xấu Xa (Crabit - 350),105.000,90.000
238531,Mèo Con Đếm Tuổi - Thơ Thụy Anh,55.000,50.000
238528,Bộ sách Stem quanh em - 6 cuốn,354.000,300.000
68218,Toán Học Và Nghệ Thuật Sáng Tạo Cho Trẻ Em,149.000,67.000
182800,Bộ sách TỚ ĐÃ LỚN RỒI - Bộ 3 cuốn,117.000,95.000
184131,"Công chúa kiểu ""Công chúa""",105.000,90.000
228344,Đồng Cỏ Hòa Ca,198.000,198.000
616,Cuốn sách khổng lồ về cơ thể người,168.000,140.000
1584,Cuốn Sách Khổng Lồ Về Các Loài Động Vật Khổng Lồ,168.000,140.000
2078,Cuốn sách khổng lồ về các loài khủng long,168.000,140.000
2079,Cuốn sách khổng lồ về các loài động vật biển,168.000,140.000
2080,Cuốn sách khổng lồ về các màu sắc,168.000,135.000
2084,Cuốn sách khổng lồ về tên lửa và các thiết bị vũ trụ,168.000,140.000
228341,100 bí ẩn đáng kinh ngạc về âm nhạc,119.000,105.000
68139,100 Bí ẩn đáng kinh ngạc về trái đất,100.000,85.000
3907,100 Bí ẩn đáng kinh ngạc về cơ thể người,100.000,85.000
3323,"100 bí ẩn đáng kinh ngạc về số, máy tính và mã hóa",100.000,85.000
184015,Bách Khoa Tri Thức Cho Trẻ Em,280.000,225.000
184460,"Bộ sách Hack não, rèn tư duy (4 cuốn - Kim Đồng - 640)",272.000,225.000
217807,Bộ sách Vẽ tất tật từ những hình cơ bản (5 cuốn - Kim Đồng - 500),150.000,130.000
228143,"Bộ sách thơ Cùng Con Nói Hay, Nghĩ Đẹp",300.000,270.000
228111,"Cùng Con Nói Hay, Nghĩ Đẹp - Tập 1: Thơ phát triển ngôn ngữ",135.000,125.000
228112,"Cùng Con Nói Hay, Nghĩ Đẹp - Tập 2: Thơ nuôi dưỡng tư duy - Song ngữ",165.000,150.000
228088,Bộ sách Ý tưởng lớn dành cho các triết gia nhỏ (6 cuốn - NXB Trẻ),108.000,100.000
88735,Cuộc Phiêu Lưu Kỳ Diệu Của Nils,145.000,125.000
218021,Combo 8 cuốn Phẩm chất nhà lãnh đạo nhí - Phẩn 2,240.000,205.000
5094,Những truyện hay nhất viết cho thiếu nhi Châu Á (NXB Kim Đồng - 188),55.000,40.000
217443,Bộ sách viết và xóa - 150++ hoạt động rèn luyện tư duy - Hành trang tới trường,160.000,135.000
217448,Bộ sách viết và xóa - 150++ hoạt động rèn luyện tư duy - Vui học mỗi ngày,160.000,135.000
217898,"Bộ sách song ngữ:  Trên và dưới, Dòng sông - hành trình vĩ đại của biển cả và Mùa đến, mùa đi - Cây",567.000,480.000
161476,Tôi tự học,120.000,100.000
88556,Quiz! Khoa học kì thú: Động vật,68.000,60.000
217718,Thép Đã Tôi Thế Đấy ! ( Huy Hoàng),145.000,120.000
217342,Nếu Em Là Đêm,129.000,110.000
217256,Một Đã Là Nhiều,129.000,110.000
217341,Ở Một Ngôi Làng Ven Biển,129.000,110.000
185717,Lênh Đênh Theo Dòng Xanh (Kim Đồng - 240),78.000,70.000
217253,"Bộ sách của Tg. Văn Thị Mượn: Ở một ngôi làng ven biển, Nếu em là đêm, Một đã là nhiều (3 cuốn - Crabit - 900)",387.000,320.000
4715,Bộ sách Phẩm Chất Nhà Lãnh Đạo Nhí (8 cuốn),224.000,190.000
207054,Alice Ở Xứ Sở Diệu Kì & Alice Ở Xứ Sở Trong Gương,550.000,470.000
217363,Bộ Em Yêu Việt Nam mình 2: Phong Ba Nơi Đầu Sóng + Biển Ấy Là Của Mình,148.000,125.000
5136,Harry Potter Và Hòn Đá Phù Thủy (Bản màu) - Tập 1,550.000,450.000
172129,"Bộ thơ 4 cuốn Thụy Anh : Mẹ hổ dịu dàng, Ngày xưa, ngày nay, Nhim nhim nhim nhim và Vui cùng tiếng Việt (NXB Trẻ)",180.000,155.000
185499,Combo 17 cuốn Chuột Típ - TB25k (17 cuốn - Kim Đồng),425.000,365.000
183139,NNA. Bìa cứng - Ra Bờ Suối Ngắm Hoa Kèn Hồng (NXB Trẻ),265.000,225.000
185730,Combo 2 cuốn sách Lênh đênh theo dòng xanh + Về nhà thôi Hải Li,156.000,135.000
207140,Vẹt Đuôi Dài Đã Trông Thấy Gì?,50.000,45.000
207142,Cây Đã Thấy Những Gì?,50.000,45.000
207139,Voi Đã Nghe Thấy Gì?,50.000,45.000
207161,"Combo 3 cuốn Voi Đã Nghe Thấy Gì?, Cây Đã Thấy Những Gì?, Vẹt Đuôi Dài Đã Trông Thấy Gì?",150.000,130.000
182976,Tự Giác Gọn Gàng,65.000,55.000
206947,Bộ sách Công Dân Nhí Văn Minh,275.000,235.000
206967,Bộ sách Bốn Mùa Bên Nhau,180.000,155.000
207056,Bộ Tủ Sách Thế Giới Động Vật,400.000,340.000
207052,Combo 6 cuốn Điều hay em học mỗi ngày (ADCBooks - 450),168.000,140.000
1716,Mẹ yêu ai nhất ? - 204,62.000,55.000
2279,Combo Chuyện kể âm nhạc (2 quyển - 420),156.000,130.000
6961,Bộ sách Nhật kí thế giới côn trùng - Phần 1 - Bộ 9 cuốn,450.000,293.000
186585,Bộ sách Từ nhỏ bé đến phi thường (5 cuốn - Crabit),675.000,570.000
196827,Combo 35 cuốn Vòng Quanh Thế Giới,420.000,345.000
186734,Bộ Siêu Thỏ Mới - Bộ 5 cuốn,275.000,235.000
186659,Bộ sách Thế Giới Của Peppa - Bộ 10 cuốn,300.000,255.000
5530,Hành Trình Khám Phá 94 Trò Chơi Phát Triển Trí Tuệ,86.000,70.000
372,Tôi sẽ đỡ nếu bạn rơi,39.000,35.000
161906,Combo 2 cuốn Theo bài hát của cha và Gặp mẹ trong trăng,150.000,125.000
68038,Bộ sách Khám phá tự nhiên quanh em - Bộ 12 cuốn,540.000,243.000
130369,Combo Mathstart trải nghiệm toán học (12 cuốn),708.000,580.000
141012,Combo Tự rèn kĩ năng đọc hiểu cho học sinh tiểu học (3 cuốn),387.000,320.000
4054,Bộ sách Không sao đâu con - Phần 1 (5 cuốn),165.000,135.000
171999,Who - Lionel Messi (Kim Đồng),55.000,55.000
186356,"Combo 3 cuốn: Tiệm bánh mì lừng danh, Tiệm mật ong lừng danh, Tiệm súp lừng danh",450.000,370.000
185485,Chuyến Dã Ngoại Của Quần Áo (Mogu - 150),43.000,40.000
130543,Bỉm Cậu Đựng Gì Thế?,89.000,75.000
161275,Ước mơ heo,69.000,60.000
186333,Lên Núi Cao Thử Tài Tinh Mắt,75.000,65.000
110296,Ngủ Ngon Nhé Trăng,100.000,85.000
161764,Fred Người Bạn Tưởng Tượng,77.000,65.000
37804,Đoàn tàu trong mơ,88.000,70.000
99477,Bé học sơ cứu cùng Gấu bác sĩ,190.000,155.000
109992,Sách Tương Tác Dành Cho Trẻ - Khám Phá Cơ Thể Người (PingBooks),96.000,48.000
186282,Phát Triển Năng Lực Cảm Xúc Xã Hội,152.000,125.000
186260,A! Tết Là Đây!,80.000,70.000
1863,Bộ sách - Cậu Bé Oọc,147.000,120.000
186277,Đường Về Nhà Của Vích Đen,169.000,145.000
186275,Bay Giữa Mùa Hoa,169.000,152.000
186270,Boxset Những Vệ Thần Của Tuổi Thơ - Bộ 5 cuốn,800.000,680.000
186101,Bộ sách Gấu Anh Gấu Em - Bộ 8 cuốn,240.000,200.000
110062,Bộ sách Chim cánh cụt Luy - Xiêng (4 quyển),232.000,190.000
186245,Bộ sách Đố Em Phân Biệt (10 cuốn),200.000,170.000
186164,"1 2 3 Mau đi ngủ thôi - Sách in tên - (Sách pre order, xin vui lòng thanh toán chuyển khoản trước giúp tiệm)",189.000,155.000
186219,Bộ Cuốn Sách Tươi Tắn Về Cảm Xúc + Cuốn Sách Tươi Tắn Về Giá Trị,198.000,170.000
682,Cái Tết Của Mèo Con,45.000,45.000
186077,Trẻ con hát trẻ con chơi (Nhã Nam),48.000,40.000
186205,Bộ sách Lịch sử Việt Nam kể bằng thơ (3 cuốn),270.000,230.000
186157,Bộ sách Xin chào lớp một,170.000,140.000
186153,Cuộc phiêu lưu của quả lê khổng lồ TB2022,180.000,150.000
37716,Bộ sách Chơi cờ vua cùng bé (3 cuốn - Pingbook),228.000,190.000
2695,Bé ngoan rèn luyện thói quen tốt,114.000,100.000
130534,Côn Trùng Ký - Ấn Bản Đầy Đủ Nhất Tập 6,145.000,125.000
186123,Bộ sách Côn Trùng Ký - Ấn Bản Đầy Đủ Nhất (7 tập),915.000,780.000
68006,This is tết,68.000,60.000
4311,Đúng là tết,68.000,60.000
231,Những Lá Thư Giáng Sinh Của Felix,120.000,100.000
182791,Tất tần tật về giáng sinh,55.000,50.000
2372,Combo thơ Từ những hạt mầm,65.000,55.000
186061,Truyện Cổ Tích Tử Tế,299.000,285.000
186089,Ông Noel,125.000,105.000
327,Những Lá Thư Mới Của Felix - 464,120.000,100.000
467,Những Chuyến Phiêu Lưu Qua Thư Của Felix - 430,120.000,100.000
172669,Boxset Harry Potter Tiếng Việt (có hộp đựng),1.750.000,1.480.000
5327,Tự tin tích cực - Múp míp mê mẩn múa may - 376,89.000,75.000
186006,Băng đảng quái kiệt - Tập 3 (Crabit - 322),59.000,50.000
186008,Băng đảng quái kiệt - Tập 5 (Crabit - 322),59.000,50.000
186007,Băng đảng quái kiệt - Tập 4 (Crabit - 322),59.000,50.000
186009,Băng đảng quái kiệt - Tập 6 (Crabit - 322),59.000,50.000
186010,Boxset Băng đảng quái kiệt - Tập 1-6 (6 tập - Crabit - 1800),354.000,295.000
182823,Bộ sách Truyện kể bốn mùa (6 cuốn),234.000,190.000
130348,Combo Truyện tranh Ehon Nhật Bản - Gư-ri và Gư-ra (7 cuốn),287.000,235.000
186000,Đóa Hoa Đồng Thoại - Vol 5,60.000,50.000
185989,Bách khoa thư tiểu học Larousse- Khủng long (Nhã Nam - 630),159.000,135.000
3529,Mỗi bài đọc hiểu học nhiều điều hay - 220,75.000,75.000
185948,Combo Mở ra là thấy tết phiên bản miền bắc + Bộ trò chơi Ô Ăn Quan,149.000,135.000
185945,Combo Mở ra là thấy tết phiên bản miền nam + Bộ trò chơi Ô Ăn Quan,149.000,135.000
185942,Mở ra là thấy tết - Phiên bản miền Bắc,99.000,85.000
185941,Mở ra là thấy tết - Phiên bản miền Nam,99.000,85.000
110112,Cuốn sách tranh đầu tiên về Thời tiết,99.000,85.000
185858,Cuộc Phiêu Lưu Đầu Tiên Của Bầy Vịt,139.000,115.000
185726,Bộ sách Ươm mầm giỏi toán từ tiểu học - Bộ 6 cuốn,654.000,535.000
172274,Bộ sách Cuộc Sống Tươi Đẹp - Bộ 8 cuốn,240.000,200.000
185857,"Combo 5 Cuốn sách lớn rực rỡ về: Bốn mùa, Cảm xúc, Loài vật, Giác quan, Kỹ năng",395.000,335.000
6618,"Combo 3 cuốn Ehon: Đây là hình gì?, Đây là màu gì?, Đây là con gì?",117.000,95.000
185848,Bách Khoa Thư Cho Cả Nhà - Thế giới chim muông bằng tranh,130.000,110.000
185849,Bách Khoa Thư Cho Cả Nhà - Thế giới cây cối bằng tranh,120.000,105.000
185850,Bách Khoa Thư Cho Cả Nhà - Thế giới núi non bằng tranh,120.000,105.000
185851,Bách Khoa Thư Cho Cả Nhà - Thế giới các loài hoa bằng tranh,120.000,105.000
185852,Bách Khoa Thư Cho Cả Nhà - Thế giới kỳ quan bằng tranh,120.000,105.000
185853,Bách Khoa Thư Cho Cả Nhà - Thế giới côn trùng bằng tranh,100.000,85.000
140961,Bộ sách Kỹ năng quản lý bản thân - Bộ 8 cuốn,312.000,255.000
185854,Bộ sách Bách khoa thư cho cả nhà - Bộ 6 cuốn,710.000,600.000
161259,Bộ sách Cao thủ viết lách (12cuốn - Kim Đồng - 762),300.000,250.000
185821,Combo 2 cuốn Gieo Xuống Một Hạt Mầm Diệu Kỳ + Gõ Nhẹ Vào Thân Cây Kỳ Diệu,198.000,165.000
185839,Sổ tay bác sĩ nhí,180.000,155.000
185846,Tập thơ Muôn điều kì diệu (6 cuốn),288.000,240.000
140984,Bộ sách Từ điển cảm xúc đầu đời - Bộ 12 cuốn,300.000,250.000
185651,Bữa sáng của tớ là ánh dương,128.000,110.000
161785,Bộ sách Asterix (8 cuốn),540.000,445.000
185817,Gieo xuống một hạt mầm diệu kỳ,109.000,90.000
318,Picture book song ngữ - Dù sao đi nữa mẹ vẫn yêu con,79.000,65.000
1071,Ở nơi quỷ sứ giặc non - TB2022,65.000,55.000
110084,Bộ sách Giải đố giải ngố cùng truyện ngụ ngôn toán học - Bộ 4 cuốn,152.000,125.000
130449,"Combo 4 Cuốn ""Bạn Thân Mến"": Tớ Là Cá Voi, Tớ Là Hải Cẩu Lông Mao, Tớ Là Hươu Cao Cổ, Tớ Là Rái Cá",260.000,215.000
185699,Monet's cat - Nàng mèo của Monet,148.000,125.000
140971,Bộ sách Ươm mầm giỏi toán từ mẫu giáo - Bộ 6 cuốn,654.000,535.000
185752,"Combo 3 cuốn NHỮNG LÁ THƯ CỦA BỐ, LỜI YÊU THƯƠNG CỦA MẸ, NGỦ NGON NHÉ CON YÊU! (3 cuốn)",117.000,100.000
172277,Chuyến dã ngoại của các bạn Ma,43.000,40.000
172278,Chuyện của Sakupi và Taropo: Đầu bếp ma (Mogu - 200),51.000,45.000
367,Trên Sa Mạc Và Trong Rừng Thẳm,98.000,80.000
185727,Mùa Hè Của Nội,169.000,155.000
161237,Bộ sách Cảm xúc của con - Bộ 4 cuốn,156.000,130.000
161672,Bộ sách Vườn nhà hạnh phúc - Bộ 3 cuốn,117.000,95.000
161748,Bộ sách Xuân Hạ Thu Đông - Bộ 4 cuốn,192.000,160.000
3893,Bản lớn - Chú sâu háu ăn,429.000,345.000
185605,Nhật kí đọc sách,149.000,75.000
183061,Bộ sách Bạn Rồng học kỹ năng ứng xử,267.000,230.000
185520,"Combo 5 cuốn Em muốn biết vì sao: Nhện giăng tơ, Đường hầm hình tròn, Khóa kéo có răng, Thông có lá kim, Xà phòng tạo bọt",250.000,210.000
171984,Tập thơ Việt Nam quê mình (3 cuốn),117.000,95.000
2285,Bộ sách Mê cung phát triển tư duy (6 cuốn),454.000,385.000
184407,Voi học múa ba - lê,189.000,155.000
4320,Ngon ngất ngây sợ hú hồn,89.000,75.000
4321,Ôm tớ một cái đi mà!,89.000,75.000
3891,Bộ sách Siêu Năng Lực: 50 Khám Phá Về Những Siêu Năng Lực Kỳ Quặc Của Người + 50 Khám Phá Về Những Siêu Năng Lực Kỳ Quặc Của Động Vật,278.000,230.000
3318,Cuộc du hành bất đắc dĩ của Stanley,89.000,75.000
4812,"Này, chớ táy máy liếm sách!",89.000,75.000
4529,Combo Bí Kíp Sinh Tồn: Của Loài Đom Đóm Thực Thụ + Của Loài Cá Mập Chân Chính,178.000,150.000
99475,Bé Nuỗng,89.000,75.000
89116,Sally hạt tiêu và điều nhỏ bé phi thường,89.000,75.000
37789,Tớ ứ phải Gấu nhá!,89.000,75.000
161342,Có một bức tường ở giữa trang sách,99.000,80.000
183543,Những khám phá trọng đại về Ma Mút siêu sao nhạc rock,105.000,90.000
183778,Combo Cùng gấu khám phá,120.000,100.000
5864,Kính vạn hoa mỏng tập 3 - TB86k,86.000,70.000
5863,Kính vạn hoa mỏng tập 2 - TB86k,86.000,70.000
5862,Kính vạn hoa mỏng tập 1 - TB86k,86.000,70.000
5865,Kính vạn hoa mỏng tập 4 - TB86k,86.000,70.000
5866,Kính vạn hoa mỏng tập 5 - TB86k,86.000,70.000
5868,Kính vạn hoa mỏng tập 7 - TB86k,86.000,70.000
5869,Kính vạn hoa mỏng tập 8 - TB86k =,86.000,70.000
5871,Kính vạn hoa mỏng tập 10 - TB86k,86.000,70.000
5872,Kính vạn hoa mỏng tập 11 - TB86k,86.000,70.000
5873,Kính vạn hoa mỏng tập 12 - TB86k,86.000,70.000
5874,Kính vạn hoa mỏng tập 13 - TB86k (Kim Đồng- 300),86.000,70.000
5879,Kính vạn hoa mỏng tập 18,86.000,70.000
185622,Bộ sách Kính vạn hoa - Bộ mỏng (18 cuốn),1.548.000,1.240.000
5876,Kính vạn hoa mỏng tập 15,86.000,70.000
5877,Kính vạn hoa mỏng tập 16,86.000,70.000
5878,Kính vạn hoa mỏng tập 17,86.000,70.000
185620,Kính vạn hoa mỏng tập 6,86.000,70.000
185593,Bộ sách Vun đắp tâm hồn - Những kẻ khó ưa (4 cuốn),68.000,60.000
185500,Dành Tặng Riêng Con,89.000,75.000
185586,Người Bán Hạnh Phúc,135.000,115.000
2599,Bộ sách Danh Nhân Thế Giới  (10 cuốn),300.000,240.000
130582,"Tranh truyện Ehon Nhật Bản - Tay nào có, tay nào không? (",32.000,28.000
130747,Tranh truyện Ehon Nhật Bản - Cùng chơi nào! Cùng chơi nào!,32.000,28.000
130583,Tranh truyện Ehon Nhật Bản - Đố biết ai đây?,35.000,30.000
185572,Truyện tranh ehon Nhật Bản - Bạn đi đâu đấy?,47.000,40.000
185571,Truyện tranh ehon Nhật Bản - Sinh nhật của bạn Thỏ,47.000,40.000
185570,Truyện tranh ehon Nhật Bản - Ti đâu? Ti đâu?,47.000,40.000
172710,"Truyện tranh ehon Nhật Bản - Lăn tròn, lăn tròn",49.000,42.000
183114,Quả bóng của Mamma,47.000,40.000
130742,"Tranh truyện Ehon Nhật Bản - Kéo, kéo",25.000,22.000
130744,"Tranh truyện Ehon Nhật Bản - Xin chào, là tớ đây!",35.000,30.000
130356,Truyện tranh Ehon Nhật Bản - Gà con chạy trốn,29.000,25.000
130353,Truyện tranh Ehon Nhật Bản - Nếu là cậu thì làm thế nào?,34.000,30.000
130795,Tranh truyên Ehon Nhật Bản - Machan tóc dài,40.000,35.000
151221,Truyện tranh ehon Nhật Bản - Phép thuật của Bồ Công Anh,43.000,37.000
185568,"Combo 3 cuốn Cô Cá Setouchi Taiko muốn đi dự tiệc, Cô Cá Setouchi Taiko muốn đi tham quan, Cô Cá Setouchi Taiko muốn leo núi Phú Sĩ",129.000,110.000
130743,Tranh truyện Ehon Nhật Bản - Che ô cho bạn nhé,32.000,28.000
185566,Combo 2 cuốn Tu tu xình xịch,64.000,55.000
130357,Truyện tranh Ehon Nhật Bản - Châu chấu đi dạo,29.000,25.000
130806,"Tranh truyện Ehon Nhật Bản - Buồn ngủ quá, buồn ngủ quá",47.000,40.000
183118,"Truyện tranh ehon Nhật Ban - Này, bút sáp màu ơi!",48.000,41.000
130570,Truyện tranh Ehon Nhật Bản - Hòa bình là gì?,37.000,32.000
185557,Truyện tranh ehon Nhật Bản - Câu chuyện của những giọt nước,65.000,55.000
185556,Truyện tranh ehon Nhật Bản - Kerolympic,34.000,30.000
130805,Tranh truyện Ehon Nhật Bản - Chim cánh cụt tập thể dục,32.000,28.000
185555,Combo Gấu trúc tập thể dục: Bài thể dục bắt chước của gấu trúc + Bài thể dục đếm số của gấu trúc (2 cuốn),94.000,80.000
185554,Truyện tranh ehon Nhật Bản - Cháu không bị ốm đâu,43.000,37.000
172713,Bạn Vòi Nước Rào Rào (Mogu - 120),43.000,37.000
185553,"Combo 2 cuốn ""cùng làm nào"": Đi tắm nào + Đội mũ nào",94.000,80.000
185552,Truyện tranh ehon Nhật Bản - Rukkio và Furifuri đi đến lâu đài,39.000,33.000
130541,Tranh truyện Ehon Nhật Bản - Sự cố chuối,49.000,42.000
185551,"Truyện tranh ehon Nhật Bản - Thêm chút nữa, thêm chút nữa",65.000,55.000
185550,Tranh truyện ehon Nhật Bản - Trước tiên đợi chút nhé,47.000,40.000
141015,"Combo yêu thương gia đình: Bạn chim cút tìm quà tặng mẹ, chuyện của cún Pi, bạn chim cút chơi trốn tìm (3 cuốn)",129.000,105.000
161303,Truyện tranh Ehon Nhật Bản - Bác Sĩ An-Tôn,42.000,35.000
172716,"Này, Cậu Ơi!",45.000,40.000
185549,Tranh truyện ehon Nhật Bản - Nối,47.000,40.000
185527,Truyện tranh ehon Nhật Bản - Mana là sói,60.000,51.000
130802,Bác Lái Xe Buýt Voi,29.000,25.000
172717,Chú Lính Cứu Hỏa Salsa,42.000,36.000
185526,Tranh truyện ehon Nhật Bản - chú thợ cắt tóc xoẹt xoẹt,59.000,50.000
130518,Tiệm Sushi Mèo,39.000,33.000
185525,Mật ong và Cà phê,51.000,44.000
130746,Tranh truyện Ehon Nhật Bản - Xe buýt bento,34.000,29.000
172712,"Xin mời, xin mời",47.000,40.000
183117,"Dâu nhỏ ơi, cậu ở đâu thế?",59.000,50.000
185524,Tranh truyện ehon Nhật Bản - Bánh Xăng-Uých,47.000,40.000
130355,Truyện tranh Ehon Nhật Bản - Đi đi lại lại trên phố lớn,32.000,28.000
185523,Tranh truyện ehon Nhật Bản - Tàu điện có đến không nhỉ?,32.000,28.000
185522,Tranh truyện ehon Nhật Bản - Aka-kun dạo phố,40.000,35.000
172718,Đợi Với Taxi Ơi!,47.000,40.000
185519,Truyện tranh ehon Nhật Bản - Bạn đường hầm Neru - Xe gì thê nhỉ?,45.000,39.000
130350,Truyện tranh Ehon Nhật Bản - Mùa xuân của bê con,45.000,40.000
172714,Tìm Thấy Mùa Hè Rồi,47.000,40.000
130343,Truyện tranh Ehon Nhật Bản: Gư-ri và Gư-ra: Đi tắm biển,41.000,35.000
130800,Tranh truyện Ehon Nhật Bản - Bé Sô-cô-la đi biển (Mogu - 85),32.000,28.000
130354,Truyện tranh Ehon Nhật Bản - Bên kia biển,45.000,40.000
185517,"Truyện tranh ehon Nhật Bản - Đào khoai, đào khoai",39.000,34.000
185176,Truyện tranh ehon Nhật Bản - Có thật nhiều ông trăng,39.000,34.000
185514,Ehon: Chiến Công Đầu Tiên Của Bé Mi - TB2022,39.000,35.000
172711,Chúng tớ ăn mặt trăng rồi,56.000,48.000
185495,Ngọn Đồi Biết Hát - Dương Hằng,55.000,50.000
185484,Combo 2 cuốn Luna Yêu Ngày Tới Thư Viện + Cuốn Sách Bị Thất Lạc,100.000,50.000
185311,Tạm biệt bà ngoại (Crabit - 400),139.000,120.000
5418,Thả Diều Trên Đê,118.000,95.000
185344,Người trong muôn nghề: Ngành Sáng tạo nghệ thuật có gì?,169.000,169.000
185360,Combo 5 cuốn Ehon Châu Âu - Những câu chuyện cảm động về tình bạn,175.000,145.000
37544,"Combo 3 cuốn READER'S BANK LEVEL 5,6,7",547.000,430.000
130666,"Combo 4 cuốn READER'S BANK LEVEL 1,2,3,4",646.000,520.000
185354,"Combo 2 cuốn READER'S BANK LEVEL 8,9",378.000,325.000
2082,Cuốn sách khổng lồ về các ngôi sao và các hành tinh,168.000,140.000
185335,Kể chuyện tết trung thu - TB2022,55.000,50.000
172206,Yêu không cần gọi tên,109.000,90.000
161676,Gặp gỡ thế giới qua tranh,99.000,85.000
5806,Lũ trẻ đường ray,90.000,72.000
37340,Nanh trắng,80.000,64.000
2882,Khái lược những tư tưởng lớn - Kinh doanh,450.000,385.000
141013,Khái lược những tư tưởng lớn - Khoa học,450.000,385.000
308,Chú sâu háu ăn - Tái bản 2022,89.000,75.000
185302,Chiếc mũ của ông trăng,129.000,110.000
161346,Quiz! Khoa học kì thú: Khám phá trái đất,68.000,60.000
88558,Quiz! Khoa học kì thú: Côn trùng,68.000,60.000
161343,Quiz! Khoa học kì thú: Khủng hoảng rác thải,68.000,60.000
88559,Quiz! Khoa học kì thú: Thời tiết môi trường,68.000,60.000
88561,Quiz! Khoa học kì thú: Thế giới huyền bí,68.000,60.000
88726,Harry Potter Và Hội Phượng Hoàng - Tập 5,385.000,325.000
2614,Harry Potter và phòng chứa bí mật - Tập 2,170.000,145.000
2900,Harry Potter Và Tên Tù Nhân Ngục Azkaban - Tập 3,205.000,175.000
3043,Harry Potter Và Hoàng Tử Lai - Tập 6,245.000,205.000
88728,Harry potter và bảo bối tử thần - Tập 7,285.000,240.000
88725,Harry Potter và hòn đá phù thủy - Tập 1,150.000,125.000
88727,Harry potter và chiếc cốc lửa - Tập 4,310.000,265.000
130409,Thể thao vui biết bao!,150.000,125.000
184541,Chilly Da Vinci - Sách khoa học,109.000,90.000
185279,Combo 4 cuốn Cùng tìm với bé,150.000,130.000
183977,Bộ sách Tiệm Sách Cơn Mưa (5 cuốn),365.000,300.000
185009,Bộ sách Chúng mình cùng nhau (5 cuốn),195.000,160.000
37344,Bạn sẽ làm gì...Giúp em giải quyết 44 tình huống khó xử thường gặp,99.000,80.000
172653,Quiz! Khoa học kì thú: Nam Cực Bắc Cực,68.000,60.000
88563,Quiz! Khoa học kì thú: Vũ trụ,68.000,60.000
172650,Quiz! Khoa học kì thú: Sa Mạc Rừng Rậm,68.000,60.000
88560,Quiz! Khoa học kì thú: Động đất và núi lửa,68.000,60.000
161344,Quiz! Khoa học kì thú: Dậy thì giới tính,68.000,60.000
161345,Quiz! Khoa học kì thú: Thám hiểm hang động,68.000,60.000
3938,Gia vị yêu thương,55.000,45.000
3937,Cây sồi,49.000,45.000
130585,Tranh truyện Ehon Nhật Bản - Cửa hàng bánh mì Quạ,51.000,45.000
16969,"Combo Ehon thực phẩm tâm hồn cho bé: Xe buýt Ping Poong đi biển, Tàu điện ngàm tới rồi, Cùng xây nhà nào, Xe tuần tra cố lên nhé",196.000,165.000
3652,Từ điển khoa học - 1000 loài động vật,169.000,145.000
172651,Quiz! Khoa học kì thú: Sơ Cấp Cứu,68.000,60.000
161347,Quiz! Khoa học kì thú: Thực phẩm dinh dưỡng,68.000,60.000
184869,"Combo Mẹ ơi, con đã lớn rồi! (7 cuốn)",210.000,180.000
185223,Bách khoa kỹ năng sống đa tương tác - Những hoạt động ở trường mẫu giáo giúp con vui vẻ đến lớp,250.000,215.000
185226,Bách khoa kỹ năng sống đa tương tác - Những bài học về giới tính giúp con trưởng thành khỏe mạnh,250.000,215.000
185265,Combo 2 cuốn Bách khoa kỹ năng sống đa tương tác: Những bài học về giới tính + Những hoạt động ở trường mẫu giáo,500.000,425.000
184799,123 Thổi nến Mừng sinh nhật (in tên bé) - Tặng kèm bảng chữ cái. Sách này chỉ nhận hình thức thanh toán chuyển khoản,169.000,145.000
5565,Combo Vui vẻ đến trường + Hăng hái học hành,238.000,200.000
4401,Ước gì cháu không bị mắng,39.000,35.000
78331,Cún nhà tớ tên Gấu,89.000,75.000
37235,Nâu Nâu thị thành Xanh Xanh đồng quê,119.000,95.000
26986,"Bộ sách Có Chị, Có Em",144.000,115.000
183580,Willow nhút nhát,130.000,110.000
3770,Bộ sách CẨM NANG SINH HOẠT BẰNG TRANH CHO BÉ,144.000,120.000
67980,Chuẩn bị cho bé tới trường : Chữ cái a b c,125.000,110.000
67979,Chuẩn bị cho bé tới trường: Chữ số 1 2 3,125.000,110.000
185036,"Combo Trò chơi phát triển tư duy: Khám Phá Rừng Xanh, Dạo Quanh Sở Thú",172.000,145.000
88577,Bộ sách Chuẩn bị cho bé tới trường (2 Cuốn),250.000,220.000
183203,Nhà Thông Thái 6-7 Tuổi,116.000,100.000
183198,Nhà Thông Thái 5-6 Tuổi,116.000,100.000
183197,Nhà Thông Thái 4-5 Tuổi,116.000,100.000
183196,Nhà Thông Thái 3-4 Tuổi,116.000,100.000
5971,Những chiếc xe hiệp sĩ : Cảm ơn xe cấp cứu,18.000,15.000
109822,Combo 10 cuốn Chuyện Xóm Gà - Phần 1,580.000,465.000
110091,"Combo Mindmap for kids - Chơi hay, học vui với sơ đồ tư duy (8 cuốn)",224.000,185.000
109974,Truyện tranh tư duy cho bé,98.000,85.000
110157,Đồng dao thơ - truyện cho bé tập nói,98.000,85.000
5397,Bộ sách Momo chú bé quả đào phần 1 (10 cuốn),436.000,380.000
183278,Boxset Cá voi đêm bão và những câu chuyện khác (4 cuốn),200.000,160.000
6562,Xin chào thế giới - Hello World,236.000,190.000
110022,Combo giáo dục giới tính nhi đồng (3 cuốn),156.000,135.000
4647,Bộ sách Nhà lãnh đạo nhí (5 cuốn),200.000,160.000
184293,Bách Khoa Tri Thức Dành Cho Trẻ Em,330.000,270.000
185213,"Combo Ngày Đầu Đến Trường: Boris Giải Cứu Buổi Diễn, Boris Bị Thủy Đậu",120.000,105.000
184923,"Combo 5 cuốn Chim sẻ tóc xù, Về nhà thôi, Khói và Xám, Gà mái mơ, Ngỗng sư tử",305.000,260.000
868,Gracie Grabbit và chú hổ,89.000,75.000
78381,Bộ sách Tìm kiếm thông minh (4 cuốn),168.000,140.000
183252,Khói và Xám,69.000,60.000
172021,Chim sẻ tóc xù,59.000,50.000
172708,Về nhà thôi,59.000,50.000
183807,Nếu tớ không vứt rác thải bừa bãi,65.000,55.000
184158,Bộ sách Muôn điều kì diệu 2,96.000,80.000
183556,Bộ sách Em yêu Việt Nam mình (3 cuốn),225.000,185.000
184326,Bộ sách Vườn nhà bà,118.000,100.000
185040,Bộ sách muôn điều kì diệu 3,96.000,85.000
183491,Bộ sách một chuyến rong chơi (3 cuốn - Lionbooks - 400),375.000,310.000
1542,Tôi là Malala,96.000,80.000
183335,Combo 3 cuốn: Chim sẻ tóc xù - Khói và Xám - Về nhà thôi,187.000,155.000
183263,Combo Gia đình bé bỏng (3 cuốn),117.000,95.000
184938,Combo 6 cuốn gieo những mầm xanh (6 cuốn - Đông A - 900),288.000,245.000
161839,Bộ sách Muôn điều kì diệu (2 cuốn),96.000,80.000
151154,Bộ sách Chu du cùng những người bạn (3 cuốn),117.000,95.000
6726,Bộ sách Phát Triển Trí Tuệ Cảm Xúc (6 quyển),300.000,240.000
2898,Truyện Đồng thoại Tô Hoài,100.000,85.000
4050,Bộ sách Thỏ Felix (6 cuốn),720.000,570.000
185027,Bộ sách Chú rồng của cha tôi,318.000,270.000
130719,Sổ tay sửa lỗi hành văn,48.000,45.000
172700,Combo 6 cuốn Chuyện Xóm Gà - Phần 2,348.000,285.000
371,Tottochan bên cửa sổ,98.000,80.000
5036,Truyện đồng thoại Võ Quảng,150.000,120.000
182757,Combo 9 cuốn Ehon Nhật Bản,419.000,345.000
5488,bộ sách Ngôi nhà yêu thương (6 cuốn ),288.000,230.000
5577,Tập thơ Ai dậy sớm - Ấn bản kỷ niệm 100 năm ngày sinh nhà văn Võ Quảng,70.000,60.000
6059,Bộ sách truyện đọc trước giờ đi ngủ (4 cuốn),278.000,220.000
6359,Combo Rủ rỉ trước giờ đi ngủ ( Tit tắp mãi tận trên cao + Mệt rũ mà vẫn không muốn ngủ ) (2 cuốn),168.000,135.000
27000,Bộ sách Bé xíu bé xiu (5 cuốn),330.000,265.000
68147,Làm sao để chữa lành một cánh chim gãy,89.000,75.000
88624,Trạm dừng cuối ở Phố Chợ,89.000,75.000
109837,Tưởng khác mà giống,89.000,75.000
161500,Vua Theodore chớ đắn đo!,99.000,85.000
161730,Dì Rumphius,99.000,85.000
161773,Bộ sách Em có biết (3 cuốn),297.000,245.000
172287,Bộ sách miền dâu dại (4 cuốn),420.000,345.000
172667,Ngày nào em bé cỏn con,105.000,90.000
183641,Combo Băng đảng quái kiệt (2 tập),118.000,100.000
184079,Bộ sách Mười phút nữa đến giờ đi ngủ (6 cuốn),474.000,390.000
629,Con nít con nôi,78.000,65.000
57879,Bộ sách Bé thỏa sức tưởng tượng (8 cuốn),232.000,190.000
68174,Bộ sách Bé tự học tự chơi (4 cuốn),156.000,130.000
78286,Bộ sách điều hay em học mỗi ngày (7 cuốn),196.000,160.000
141063,Bộ sách Ngủ ngon nhé (4 cuốn),112.000,95.000
141068,Bộ sách Bé à bé ơi (4 cuốn),140.000,115.000
172172,Bộ sách phát triển khả năng ngôn ngữ cho trẻ (7 cuốn),224.000,185.000
172578,Bộ sách Việc nhỏ cùng làm (5 cuốn),175.000,145.000
184096,Bộ sách Storytime : Truyện hay rèn luyện kĩ năng (10 cuốn),310.000,255.000
628,Con yêu bố chừng nào,79.000,65.000
37769,Bộ sách Chuyện Rừng (4 cuốn),512.000,410.000
1026,Ông trăm tuổi trèo qua cửa sổ và biến mất,170.000,145.000
183006,Bộ sách A LÊ HẤP (5 cuốn),995.000,790.000
1994,Bộ sách Chuột Bông (10 cuốn),300.000,250.000
6485,Khám phá quốc kỳ trên thế giới,170.000,140.000
3603,Bộ sách Ehon thông minh cho mẫu giáo (3 cuốn),156.000,130.000
907,GIẤC NGỦ ĐÔNG RỘN RÃ,89.000,75.000
1232,Gõ nhẹ vào thân cây kỳ diệu,88.000,75.000
1494,Tủ sách đầu đời của bé - khám phá kiến thức cơ bản,276.000,230.000
3764,Chuyện to chuyện nhỏ,85.000,70.000
5329,Bộ sách Tự Tin Tích Cực (3 cuốn ),267.000,215.000
5544,Bert oách xà lách (Crabit),89.000,75.000
5630,Những chuyện kể của Thornton W.Burgess (3 cuốn),397.000,335.000
183582,Tớ biết bay - I can fly,110.000,90.000
183588,Boxset Chú Cáo Tinh Nghịch (6 cuốn),228.000,190.000
446,Picture book mẹ có phải là mẹ của con,69.000,60.000
4799,Chú Gấu Bắc Cực,169.000,140.000
37477,Combo 3 cuốn sách song ngữ NGƯỜI MẸ KHỎE NHẤT - VERA JEWEL ĐI HỌC MUỘN - TERRY VÀ QUYỂN SÁCH TUYỆT VỜI,237.000,190.000
37495,Bộ sách Khủng long thân mến (3 cuốn),237.000,190.000
183284,Câu Lạc Bộ Sách Của Thỏ Con,59.000,50.000
6687,Dế Mèn Phiêu Lưu Ký - Bản kỉ niệm 100 năm ngày sinh nhà văn Tô Hoài,225.000,185.000
3727,Dế mèn phiêu lưu ký - Bản Comic,300.000,240.000
67966,Bộ sách lời thương gửi con yêu (5 cuốn),153.000,125.000
109945,Combo Sách song ngữ thế giới xe cộ (8 cuốn),200.000,160.000
109973,Combo đối lập ngộ nghĩnh (6 cuốn),120.000,100.000
172389,Bộ sách Yêu thương cho con (5 cuốn),150.000,125.000
182983,Bộ Bé hỏi mẹ (6 cuốn),108.000,90.000
183348,Bộ sách Chuyện ở rừng vi vu (5 cuốn),160.000,135.000
184102,Nguyên tử dưới tấm ván sàn,100.000,85.000
1795,Bộ Sách Tớ Là CEO Nhí (7 Cuốn),224.000,180.000
2322,Bộ sách Harry Potter ngoại truyện (3 quyển),385.000,320.000
5003,Bộ sách Mamma Moo và chú quạ rắc rối,174.000,140.000
184359,65 bài thơ hay dành cho thiếu nhi (sách kỉ niệm 65 năm),185.000,155.000
99220,Con đường lên núi,59.000,50.000
